{"{}": {"test_all": 0.5527, "test_many": 0.5640519480519481, "test_median": 0.5452192066805844, "test_low": 0.5469117647058823, "test_fscore": 0.5380920033632163, "test_precision": 0.5782957230389296}, "a photo of a {}.": {"test_all": 0.58172, "test_many": 0.5938701298701299, "test_median": 0.5738204592901879, "test_low": 0.5751470588235295, "test_fscore": 0.5750657724811106, "test_precision": 0.6142515220259199}, "a bad photo of a {}.": {"test_all": 0.5905, "test_many": 0.6008311688311688, "test_median": 0.5841753653444677, "test_low": 0.583529411764706, "test_fscore": 0.5825683678689408, "test_precision": 0.6144089195158681}, "a photo of many {}.": {"test_all": 0.5725, "test_many": 0.587012987012987, "test_median": 0.5637578288100208, "test_low": 0.5622058823529411, "test_fscore": 0.5665055110089818, "test_precision": 0.6034345110842073}, "a sculpture of a {}.": {"test_all": 0.53238, "test_many": 0.5462337662337663, "test_median": 0.5266388308977036, "test_low": 0.5133823529411764, "test_fscore": 0.5185133170834754, "test_precision": 0.5764395198182817}, "a photo of the hard to see {}.": {"test_all": 0.54458, "test_many": 0.5518961038961039, "test_median": 0.5388726513569937, "test_low": 0.5439705882352941, "test_fscore": 0.5325553581303677, "test_precision": 0.5854633907014154}, "a low resolution photo of the {}.": {"test_all": 0.57198, "test_many": 0.5818181818181818, "test_median": 0.5663883089770354, "test_low": 0.5638235294117647, "test_fscore": 0.5604397958896775, "test_precision": 0.5925225072134432}, "a rendering of a {}.": {"test_all": 0.56654, "test_many": 0.5805194805194805, "test_median": 0.5582463465553236, "test_low": 0.5561764705882354, "test_fscore": 0.5584947128675323, "test_precision": 0.6023173770032862}, "graffiti of a {}.": {"test_all": 0.53834, "test_many": 0.5508051948051949, "test_median": 0.5303549060542797, "test_low": 0.5311764705882354, "test_fscore": 0.5288265351793493, "test_precision": 0.5851659099840454}, "a bad photo of the {}.": {"test_all": 0.58194, "test_many": 0.5896623376623377, "test_median": 0.5760334029227556, "test_low": 0.5808823529411765, "test_fscore": 0.5713437964647049, "test_precision": 0.5998776193348085}, "a cropped photo of the {}.": {"test_all": 0.58224, "test_many": 0.5948571428571429, "test_median": 0.5741962421711899, "test_low": 0.5748529411764706, "test_fscore": 0.5739806378880651, "test_precision": 0.6005979581033127}, "a tattoo of a {}.": {"test_all": 0.52678, "test_many": 0.5345454545454545, "test_median": 0.5267640918580375, "test_low": 0.5048529411764706, "test_fscore": 0.5138648817469353, "test_precision": 0.5829821787289146}, "the embroidered {}.": {"test_all": 0.51486, "test_many": 0.5408831168831169, "test_median": 0.5002087682672234, "test_low": 0.4927941176470589, "test_fscore": 0.5022592518333686, "test_precision": 0.5661727086918762}, "a photo of a hard to see {}.": {"test_all": 0.55712, "test_many": 0.5658701298701299, "test_median": 0.5501461377870565, "test_low": 0.5569117647058824, "test_fscore": 0.5475432979896424, "test_precision": 0.5983096272668188}, "a bright photo of a {}.": {"test_all": 0.56632, "test_many": 0.5711168831168831, "test_median": 0.5616701461377871, "test_low": 0.5691176470588236, "test_fscore": 0.5603944494536047, "test_precision": 0.6148010824011059}, "a photo of a clean {}.": {"test_all": 0.561, "test_many": 0.5714285714285714, "test_median": 0.5533611691022966, "test_low": 0.5583823529411764, "test_fscore": 0.5507281236339672, "test_precision": 0.5953070602335863}, "a photo of a dirty {}.": {"test_all": 0.54814, "test_many": 0.5608831168831169, "test_median": 0.5408350730688936, "test_low": 0.537794117647059, "test_fscore": 0.5375133624683014, "test_precision": 0.5866528610637269}, "a dark photo of the {}.": {"test_all": 0.54324, "test_many": 0.5501818181818182, "test_median": 0.5358663883089769, "test_low": 0.5495588235294119, "test_fscore": 0.5338275493210527, "test_precision": 0.5902696120634163}, "a drawing of a {}.": {"test_all": 0.5619, "test_many": 0.5739220779220779, "test_median": 0.5524843423799582, "test_low": 0.5610294117647058, "test_fscore": 0.554404598042345, "test_precision": 0.6042174230651619}, "a photo of my {}.": {"test_all": 0.5615, "test_many": 0.5673766233766234, "test_median": 0.5562421711899791, "test_low": 0.5633823529411766, "test_fscore": 0.5484151016652284, "test_precision": 0.5819555773590053}, "the plastic {}.": {"test_all": 0.52476, "test_many": 0.532051948051948, "test_median": 0.5244258872651357, "test_low": 0.5052941176470588, "test_fscore": 0.5062497305640253, "test_precision": 0.5599807527749637}, "a photo of the cool {}.": {"test_all": 0.59258, "test_many": 0.6012987012987013, "test_median": 0.584885177453027, "test_low": 0.595, "test_fscore": 0.5848699120089743, "test_precision": 0.611001366708117}, "a close-up photo of a {}.": {"test_all": 0.55986, "test_many": 0.5695584415584416, "test_median": 0.554446764091858, "test_low": 0.5514705882352942, "test_fscore": 0.5533340595995755, "test_precision": 0.6049260308934522}, "a black and white photo of the {}.": {"test_all": 0.54778, "test_many": 0.5532987012987013, "test_median": 0.5422129436325679, "test_low": 0.5517647058823529, "test_fscore": 0.5390613422882378, "test_precision": 0.5882224180668263}, "a painting of the {}.": {"test_all": 0.54826, "test_many": 0.5551168831168831, "test_median": 0.5470563674321502, "test_low": 0.5330882352941176, "test_fscore": 0.5367397686904172, "test_precision": 0.5816400692658297}, "a painting of a {}.": {"test_all": 0.55756, "test_many": 0.5656623376623376, "test_median": 0.5536116910229645, "test_low": 0.5485294117647059, "test_fscore": 0.5499083883860035, "test_precision": 0.6026821639377219}, "a pixelated photo of the {}.": {"test_all": 0.55464, "test_many": 0.560935064935065, "test_median": 0.5521503131524008, "test_low": 0.5455882352941178, "test_fscore": 0.546127306383565, "test_precision": 0.5936154873591434}, "a sculpture of the {}.": {"test_all": 0.51392, "test_many": 0.5297662337662337, "test_median": 0.5078496868475991, "test_low": 0.49044117647058827, "test_fscore": 0.4960398844840755, "test_precision": 0.553983298175481}, "a bright photo of the {}.": {"test_all": 0.5663, "test_many": 0.574961038961039, "test_median": 0.558204592901879, "test_low": 0.5702941176470588, "test_fscore": 0.5568488975911889, "test_precision": 0.5949243613748748}, "a cropped photo of a {}.": {"test_all": 0.58666, "test_many": 0.5945454545454545, "test_median": 0.5816701461377871, "test_low": 0.5819117647058825, "test_fscore": 0.580791732978491, "test_precision": 0.6168118977538004}, "a plastic {}.": {"test_all": 0.52834, "test_many": 0.5364675324675324, "test_median": 0.528517745302714, "test_low": 0.5047058823529411, "test_fscore": 0.5109247118864498, "test_precision": 0.5704736645616051}, "a photo of the dirty {}.": {"test_all": 0.5418, "test_many": 0.5511688311688311, "test_median": 0.5356158663883088, "test_low": 0.5370588235294118, "test_fscore": 0.526072479885628, "test_precision": 0.570448304454384}, "a jpeg corrupted photo of a {}.": {"test_all": 0.55368, "test_many": 0.5579220779220779, "test_median": 0.552901878914405, "test_low": 0.5444117647058823, "test_fscore": 0.5437245002693242, "test_precision": 0.6055877423673818}, "a blurry photo of the {}.": {"test_all": 0.56088, "test_many": 0.5638441558441559, "test_median": 0.5599582463465552, "test_low": 0.555735294117647, "test_fscore": 0.551257081689326, "test_precision": 0.5934486750523785}, "a photo of the {}.": {"test_all": 0.5789, "test_many": 0.5928831168831169, "test_median": 0.5690187891440501, "test_low": 0.5741176470588236, "test_fscore": 0.5696628043008705, "test_precision": 0.5971471274303873}, "a good photo of the {}.": {"test_all": 0.5799, "test_many": 0.5863376623376624, "test_median": 0.5732359081419625, "test_low": 0.5851470588235295, "test_fscore": 0.5687704448230065, "test_precision": 0.5958111682310095}, "a rendering of the {}.": {"test_all": 0.53966,